DAY,ELEPHANT,TVL,ELE BNB,ELE BUSD,TVL BNB,TVL BUSD,BUY VOL,SELL VOL,VOLUME,BUY-SELL VOL,#Buys,#Sells,#TX,#TX BNB,#TX BUSD,$/M ELE BNB,$/M ELE BUSD,BUSD-BNB Price,ELE Treasury,ELE Treasury
2023-11-11,98.2t,84.1m,56.1t,42.0t,$46.5m,$37.5m,$169.6k,$1.9m,$2.1m,-$1.7m,105,118,223,156,67,$0.415,$0.446,$0.0319,187.6t,$78.8m
2023-11-10,95.7t,87.6m,53.7t,42.0t,$49.0m,$38.6m,$146.2k,$235.9k,$382.0k,-$89.7k,121,138,259,195,64,$0.456,$0.460,$0.0036,187.2t,$85.8m
2023-11-09,95.0t,87.9m,53.0t,42.0t,$49.1m,$38.8m,$118.7k,$368.9k,$487.6k,-$250.3k,123,99,222,145,77,$0.463,$0.462,-$0.0014,186.9t,$86.0m
2023-11-08,95.1t,87.6m,53.0t,42.0t,$49.0m,$38.6m,$188.1k,$180.4k,$368.5k,$7.7k,110,89,199,149,50,$0.462,$0.460,-$0.0024,186.9t,$86.0m
2023-11-07,95.0t,87.4m,53.0t,42.0t,$48.7m,$38.6m,$175.9k,$71.3k,$247.2k,$104.5k,142,92,234,112,122,$0.460,$0.459,-$0.0007,186.7t,$85.9m
2023-11-06,95.4t,88.6m,53.0t,42.4t,$50.2m,$38.4m,$118.0k,$100.6k,$218.6k,$17.4k,122,94,216,89,127,$0.474,$0.452,-$0.0218,186.6t,$85.8m
2023-11-05,95.3t,86.7m,52.8t,42.5t,$48.6m,$38.2m,$125.8k,$81.1k,$207.0k,$44.7k,131,93,224,87,137,$0.460,$0.449,-$0.0112,186.4t,$83.9m
2023-11-04,95.4t,85.2m,52.6t,42.8t,$47.3m,$37.9m,$127.9k,$84.6k,$212.5k,$43.3k,134,91,225,131,94,$0.449,$0.443,-$0.0058,186.2t,$83.8m
2023-11-03,95.5t,83.8m,52.5t,43.0t,$46.1m,$37.7m,$153.1k,$86.3k,$239.4k,$66.8k,106,89,195,154,41,$0.439,$0.439,-$0.0003,186.0t,$81.8m
2023-11-02,95.8t,83.9m,52.6t,43.2t,$46.2m,$37.7m,$169.3k,$79.6k,$249.0k,$89.7k,148,84,232,139,93,$0.439,$0.437,-$0.0020,185.5t,$81.6m
2023-11-01,95.9t,83.0m,52.6t,43.3t,$45.5m,$37.5m,$178.1k,$147.2k,$325.4k,$30.9k,111,105,216,178,38,$0.432,$0.433,$0.0011,185.4t,$79.8m
2023-10-31,95.9t,82.6m,52.7t,43.3t,$45.1m,$37.5m,$147.7k,$175.8k,$323.4k,-$28.1k,120,102,222,184,38,$0.428,$0.433,$0.0051,185.1t,$79.6m
2023-10-30,95.9t,83.0m,52.6t,43.2t,$45.5m,$37.5m,$133.5k,$152.5k,$286.0k,-$19.0k,106,106,212,167,45,$0.432,$0.434,$0.0019,185.0t,$79.5m
2023-10-29,95.9t,82.9m,52.6t,43.3t,$45.4m,$37.5m,$155.3k,$100.1k,$255.4k,$55.1k,125,82,207,170,37,$0.431,$0.434,$0.0025,184.9t,$79.7m
2023-10-28,95.9t,82.5m,52.7t,43.2t,$44.9m,$37.6m,$201.4k,$298.2k,$499.5k,-$96.8k,170,78,248,154,94,$0.426,$0.435,$0.0082,184.4t,$79.3m
2023-10-27,95.7t,82.4m,52.3t,43.4t,$45.0m,$37.4m,$224.0k,$78.3k,$302.2k,$145.7k,164,85,249,170,79,$0.430,$0.431,$0.0013,184.3t,$79.3m
2023-10-26,96.3t,81.8m,52.7t,43.6t,$44.6m,$37.2m,$236.8k,$49.6k,$286.4k,$187.3k,163,81,244,181,63,$0.423,$0.427,$0.0032,183.6t,$79.0m
2023-10-25,96.5t,81.2m,52.7t,43.7t,$44.1m,$37.1m,$301.4k,$86.6k,$388.0k,$214.9k,162,84,246,184,62,$0.418,$0.424,$0.0054,183.5t,$77.1m
2023-10-24,97.0t,81.3m,53.1t,43.9t,$44.4m,$36.9m,$421.7k,$88.6k,$510.3k,$333.1k,222,90,312,147,165,$0.418,$0.421,$0.0033,183.0t,$76.9m
2023-10-23,97.7t,81.3m,53.4t,44.4t,$44.8m,$36.5m,$345.4k,$81.4k,$426.8k,$264.0k,190,92,282,151,131,$0.420,$0.411,-$0.0086,182.3t,$74.7m
2023-10-22,98.4t,78.7m,53.3t,45.1t,$42.8m,$35.9m,$101.0k,$106.4k,$207.5k,-$5.4k,91,70,161,123,38,$0.401,$0.399,-$0.0027,181.6t,$72.6m
2023-10-21,98.4t,78.1m,53.1t,45.2t,$42.2m,$35.9m,$96.5k,$77.0k,$173.5k,$19.5k,96,78,174,112,62,$0.397,$0.396,-$0.0006,181.3t,$72.5m
2023-10-20,98.5t,77.6m,53.2t,45.4t,$41.8m,$35.8m,$86.0k,$64.5k,$150.5k,$21.6k,109,65,174,103,71,$0.393,$0.395,$0.0011,181.2t,$71.5m
2023-10-19,98.4t,77.4m,53.1t,45.3t,$41.7m,$35.7m,$83.7k,$125.4k,$209.1k,-$41.6k,99,79,178,124,54,$0.393,$0.394,$0.0016,181.1t,$70.7m
2023-10-18,98.3t,77.4m,53.1t,45.3t,$41.6m,$35.8m,$120.1k,$90.2k,$210.3k,$29.9k,129,77,206,154,52,$0.392,$0.395,$0.0032,181.0t,$70.6m
2023-10-17,98.4t,77.5m,53.1t,45.4t,$41.8m,$35.7m,$151.5k,$82.2k,$233.7k,$69.3k,178,83,261,153,108,$0.394,$0.394,-$0.0001,180.8t,$70.5m
2023-10-16,99.7t,78.0m,53.0t,46.7t,$42.5m,$35.6m,$1.5m,$89.5k,$1.6m,$1.4m,304,66,370,79,291,$0.401,$0.380,-$0.0204,180.5t,$72.2m
2023-10-15,102.7t,74.3m,55.3t,47.4t,$40.1m,$34.2m,$383.4k,$66.8k,$450.2k,$316.6k,217,53,270,92,178,$0.363,$0.361,-$0.0019,180.2t,$64.9m
2023-10-14,103.4t,73.0m,55.5t,47.9t,$39.2m,$33.9m,$195.8k,$69.2k,$264.9k,$126.6k,146,56,202,156,46,$0.353,$0.353,$0.0007,179.9t,$63.6m
2023-10-13,103.9t,72.6m,55.9t,48.0t,$38.9m,$33.8m,$240.0k,$61.7k,$301.8k,$178.3k,233,82,315,274,41,$0.348,$0.352,$0.0040,179.8t,$62.9m
2023-10-12,103.9t,72.1m,56.1t,47.8t,$38.4m,$33.7m,$173.9k,$172.3k,$346.2k,$1.6k,173,138,311,252,59,$0.342,$0.353,$0.0109,179.3t,$62.8m
2023-10-11,103.5t,72.4m,56.4t,47.2t,$38.5m,$33.9m,$188.7k,$408.2k,$596.9k,-$219.5k,231,174,405,319,86,$0.342,$0.359,$0.0174,179.2t,$62.7m
2023-10-10,103.3t,73.2m,56.4t,47.0t,$38.9m,$34.3m,$200.4k,$307.9k,$508.3k,-$107.5k,324,219,543,447,96,$0.345,$0.365,$0.0196,178.6t,$62.5m
2023-10-09,91.8t,72.9m,49.6t,42.3t,$38.5m,$34.4m,$619.1k,$4.9m,$5.5m,-$4.2m,247,434,681,496,185,$0.388,$0.407,$0.0195,177.8t,$62.2m
2023-10-08,91.0t,82.6m,48.9t,42.1t,$44.3m,$38.3m,$140.8k,$610.4k,$751.2k,-$469.6k,225,208,433,346,87,$0.453,$0.454,$0.0014,177.5t,$79.9m
2023-10-07,90.8t,83.7m,48.9t,41.8t,$45.1m,$38.6m,$232.5k,$106.2k,$338.7k,$126.3k,207,165,372,304,68,$0.460,$0.462,$0.0015,177.5t,$81.6m
2023-10-06,91.1t,83.7m,49.2t,41.8t,$45.1m,$38.6m,$200.8k,$1.1m,$1.3m,-$868.2k,270,351,621,401,220,$0.458,$0.462,$0.0037,177.3t,$81.0m
2023-10-05,89.2t,84.8m,47.9t,41.3t,$45.7m,$39.1m,$429.4k,$294.9k,$724.3k,$134.5k,400,182,582,381,201,$0.477,$0.474,-$0.0028,177.1t,$83.9m
2023-10-04,94.7t,85.1m,51.0t,43.7t,$46.0m,$39.2m,$2.8m,$260.0k,$3.0m,$2.5m,1253,130,1383,613,770,$0.450,$0.448,-$0.0020,176.2t,$84.6m
2023-10-03,84.8t,80.1m,46.2t,38.6t,$43.0m,$37.0m,$1.7m,$6.5m,$8.2m,-$4.8m,957,1624,2581,1791,790,$0.466,$0.479,$0.0129,175.0t,$73.5m
2023-10-02,81.6t,90.1m,44.2t,37.4t,$48.1m,$42.0m,$364.0k,$2.0m,$2.3m,-$1.6m,565,546,1111,759,352,$0.545,$0.561,$0.0163,174.8t,$92.6m
2023-10-01,81.4t,94.1m,44.0t,37.4t,$50.9m,$43.1m,$493.0k,$316.3k,$809.3k,$176.7k,541,141,682,551,131,$0.578,$0.576,-$0.0019,174.7t,$101.3m
2023-09-30,81.7t,92.9m,44.1t,37.7t,$50.1m,$42.8m,$531.6k,$146.4k,$678.0k,$385.2k,625,122,747,433,314,$0.568,$0.569,$0.0002,174.6t,$99.5m
2023-09-29,82.8t,92.3m,44.7t,38.1t,$49.8m,$42.5m,$614.8k,$179.4k,$794.2k,$435.3k,787,138,925,657,268,$0.556,$0.557,$0.0009,174.4t,$97.6m
2023-09-28,83.3t,91.3m,44.8t,38.5t,$49.3m,$42.1m,$596.1k,$153.8k,$749.9k,$442.2k,772,130,902,482,420,$0.549,$0.546,-$0.0031,174.2t,$95.8m
2023-09-27,84.6t,89.8m,45.4t,39.2t,$48.3m,$41.6m,$575.4k,$131.7k,$707.1k,$443.7k,789,126,915,564,351,$0.531,$0.530,-$0.0008,173.9t,$93.9m
2023-09-26,85.6t,89.0m,45.7t,39.9t,$47.9m,$41.1m,$693.4k,$140.7k,$834.1k,$552.7k,770,129,899,390,509,$0.523,$0.515,-$0.0083,173.8t,$90.4m
2023-09-25,86.6t,87.3m,46.4t,40.2t,$46.9m,$40.4m,$594.1k,$151.8k,$745.9k,$442.3k,642,119,761,394,367,$0.505,$0.503,-$0.0020,173.7t,$88.6m
2023-09-24,87.1t,86.0m,46.5t,40.6t,$46.1m,$40.0m,$499.9k,$78.4k,$578.3k,$421.6k,631,105,736,334,402,$0.496,$0.492,-$0.0036,173.5t,$86.8m
2023-09-23,88.2t,85.8m,47.2t,40.9t,$46.1m,$39.6m,$525.4k,$158.6k,$684.0k,$366.8k,592,98,690,460,230,$0.488,$0.484,-$0.0040,173.3t,$84.9m
2023-09-22,89.1t,85.1m,47.8t,41.3t,$45.7m,$39.4m,$505.6k,$74.1k,$579.7k,$431.5k,540,100,640,404,236,$0.478,$0.477,-$0.0017,173.1t,$83.1m
2023-09-21,89.3t,84.2m,47.8t,41.5t,$45.3m,$38.9m,$632.0k,$175.0k,$807.0k,$457.0k,703,118,821,518,303,$0.473,$0.469,-$0.0039,173.1t,$81.7m
2023-09-20,90.3t,84.0m,48.6t,41.7t,$45.3m,$38.7m,$692.0k,$54.8k,$746.8k,$637.2k,535,102,637,309,328,$0.466,$0.465,-$0.0010,172.8t,$81.2m
2023-09-19,91.7t,83.4m,49.5t,42.2t,$45.1m,$38.3m,$538.6k,$161.3k,$699.9k,$377.3k,575,118,693,380,313,$0.455,$0.454,-$0.0015,172.6t,$78.3m
2023-09-18,93.0t,82.3m,50.4t,42.6t,$44.4m,$37.9m,$517.0k,$58.0k,$575.0k,$459.0k,577,81,658,324,334,$0.441,$0.444,$0.0036,172.4t,$77.6m
2023-09-17,94.0t,81.5m,50.7t,43.4t,$44.1m,$37.4m,$371.9k,$77.2k,$449.1k,$294.6k,538,99,637,386,251,$0.435,$0.432,-$0.0029,172.1t,$75.7m
2023-09-16,94.5t,80.6m,50.7t,43.7t,$43.5m,$37.1m,$500.0k,$116.5k,$616.5k,$383.4k,411,71,482,267,215,$0.429,$0.424,-$0.0051,172.0t,$74.0m
2023-09-15,96.1t,79.7m,51.8t,44.4t,$43.0m,$36.7m,$1.0m,$109.3k,$1.1m,$925.1k,626,121,747,430,317,$0.415,$0.414,-$0.0010,171.6t,$72.1m
2023-09-14,98.1t,77.5m,52.7t,45.4t,$41.6m,$35.9m,$362.3k,$49.3k,$411.6k,$313.0k,363,60,423,208,215,$0.395,$0.395,-$0.0003,171.6t,$68.6m
2023-09-13,98.4t,76.9m,53.0t,45.4t,$41.4m,$35.5m,$283.7k,$68.9k,$352.6k,$214.8k,315,80,395,261,134,$0.390,$0.391,$0.0008,171.4t,$66.8m
2023-09-12,98.7t,76.2m,53.1t,45.7t,$40.9m,$35.3m,$278.7k,$77.2k,$355.9k,$201.5k,269,95,364,175,189,$0.386,$0.387,$0.0014,171.1t,$66.7m
2023-09-11,99.2t,74.8m,53.1t,46.1t,$39.8m,$35.0m,$148.3k,$158.7k,$307.0k,-$10.4k,295,85,380,324,56,$0.375,$0.379,$0.0044,171.0t,$65.0m
2023-09-10,99.4t,76.1m,53.5t,45.9t,$40.9m,$35.2m,$158.6k,$32.7k,$191.3k,$125.9k,329,63,392,334,58,$0.382,$0.383,$0.0012,170.8t,$66.6m
2023-09-09,99.9t,76.2m,53.8t,46.1t,$41.0m,$35.1m,$274.4k,$33.3k,$307.7k,$241.2k,346,56,402,271,131,$0.382,$0.381,-$0.0009,170.6t,$64.8m
2023-09-08,100.6t,75.7m,54.2t,46.4t,$40.8m,$34.9m,$241.5k,$64.5k,$306.0k,$176.9k,321,63,384,243,141,$0.377,$0.376,-$0.0008,170.5t,$64.8m
2023-09-07,100.8t,75.8m,54.4t,46.5t,$41.0m,$34.8m,$215.9k,$71.6k,$287.5k,$144.3k,322,79,401,290,111,$0.377,$0.375,-$0.0025,170.3t,$64.7m
2023-09-06,101.6t,75.2m,54.9t,46.7t,$40.6m,$34.7m,$434.9k,$230.0k,$664.9k,$204.9k,342,92,434,345,89,$0.370,$0.371,$0.0018,170.2t,$63.0m
2023-09-05,101.1t,74.7m,54.4t,46.7t,$40.2m,$34.5m,$402.0k,$97.0k,$499.0k,$305.0k,282,83,365,193,172,$0.369,$0.369,$0.0001,170.1t,$62.9m
2023-09-04,101.9t,74.2m,54.8t,47.1t,$40.0m,$34.2m,$268.3k,$92.1k,$360.4k,$176.2k,257,79,336,185,151,$0.364,$0.364,-$0.0008,169.9t,$61.2m
2023-09-03,102.5t,73.7m,55.0t,47.5t,$39.6m,$34.0m,$183.1k,$31.0k,$214.1k,$152.1k,266,58,324,195,129,$0.360,$0.358,-$0.0015,169.8t,$61.1m
2023-09-02,103.2t,73.3m,55.5t,47.7t,$39.4m,$33.9m,$185.2k,$38.0k,$223.3k,$147.2k,272,49,321,256,65,$0.355,$0.356,$0.0002,169.6t,$61.0m
2023-09-01,103.3t,73.0m,55.6t,47.7t,$39.2m,$33.8m,$296.8k,$70.2k,$367.0k,$226.6k,274,86,360,301,59,$0.352,$0.355,$0.0023,169.4t,$59.3m
2023-08-31,103.9t,73.0m,56.2t,47.7t,$39.2m,$33.8m,$286.9k,$66.6k,$353.6k,$220.3k,366,85,451,281,170,$0.348,$0.355,$0.0066,169.3t,$59.3m
2023-08-30,104.7t,73.9m,56.8t,47.8t,$40.2m,$33.7m,$352.4k,$17.6k,$370.0k,$334.9k,363,41,404,231,173,$0.354,$0.352,-$0.0011,169.1t,$59.2m
2023-08-29,106.4t,73.7m,57.3t,49.0t,$40.2m,$33.5m,$1.1m,$69.1k,$1.1m,$1.0m,612,74,686,210,476,$0.351,$0.342,-$0.0093,169.0t,$59.1m
2023-08-28,109.1t,70.4m,58.7t,50.3t,$38.1m,$32.3m,$466.8k,$75.1k,$541.9k,$391.7k,393,55,448,197,251,$0.324,$0.321,-$0.0037,168.6t,$55.6m
2023-08-27,109.7t,69.5m,59.2t,50.5t,$37.6m,$31.9m,$191.1k,$29.3k,$220.4k,$161.8k,266,53,319,176,143,$0.317,$0.316,-$0.0015,168.6t,$54.0m
2023-08-26,110.3t,68.8m,59.6t,50.7t,$37.1m,$31.7m,$198.5k,$26.7k,$225.2k,$171.8k,277,47,324,240,84,$0.311,$0.313,$0.0015,168.4t,$52.2m
2023-08-25,110.6t,68.9m,59.7t,50.9t,$37.3m,$31.6m,$138.9k,$23.8k,$162.7k,$115.0k,226,46,272,189,83,$0.312,$0.310,-$0.0021,168.3t,$52.2m
2023-08-24,111.1t,68.7m,60.0t,51.1t,$37.1m,$31.5m,$187.5k,$43.5k,$231.0k,$144.1k,241,53,294,135,159,$0.310,$0.308,-$0.0014,168.1t,$52.1m
2023-08-23,111.6t,68.0m,59.9t,51.7t,$36.7m,$31.2m,$149.4k,$28.3k,$177.7k,$121.1k,233,59,292,65,227,$0.306,$0.302,-$0.0044,167.9t,$50.4m
2023-08-22,111.6t,66.8m,59.9t,51.7t,$35.8m,$31.0m,$159.0k,$142.4k,$301.3k,$16.6k,185,99,284,226,58,$0.299,$0.300,$0.0006,167.8t,$50.4m
2023-08-21,112.0t,66.8m,60.4t,51.6t,$35.7m,$31.1m,$160.7k,$53.9k,$214.6k,$106.8k,272,50,322,284,38,$0.295,$0.301,$0.0058,167.6t,$50.3m
2023-08-20,112.6t,67.5m,60.7t,51.9t,$36.4m,$31.1m,$201.6k,$17.9k,$219.5k,$183.7k,268,45,313,174,139,$0.300,$0.300,-$0.0002,167.2t,$50.2m
2023-08-19,112.9t,67.2m,61.0t,51.9t,$36.4m,$30.9m,$241.4k,$61.9k,$303.3k,$179.5k,225,44,269,194,75,$0.298,$0.297,-$0.0006,167.2t,$50.2m
2023-08-18,114.0t,66.8m,61.9t,52.1t,$36.0m,$30.8m,$428.1k,$112.9k,$540.9k,$315.2k,1059,112,1171,1095,76,$0.291,$0.295,$0.0047,166.1t,$49.8m
2023-08-17,115.7t,66.5m,63.2t,52.5t,$35.8m,$30.7m,$1.6m,$965.6k,$2.5m,$601.8k,2198,113,2311,1688,623,$0.283,$0.293,$0.0098,164.6t,$47.7m
2023-08-16,118.3t,67.4m,65.1t,53.2t,$37.1m,$30.3m,$688.9k,$63.0k,$752.0k,$625.9k,1056,78,1134,874,260,$0.285,$0.285,$0.0007,163.5t,$47.4m
2023-08-15,119.5t,66.9m,65.9t,53.6t,$36.8m,$30.1m,$368.2k,$27.4k,$395.6k,$340.9k,555,41,596,456,140,$0.279,$0.281,$0.0013,163.1t,$45.7m
2023-08-14,120.1t,66.7m,66.6t,53.6t,$36.9m,$29.8m,$449.9k,$39.6k,$489.5k,$410.2k,461,47,508,260,248,$0.277,$0.278,$0.0006,163.1t,$45.7m
2023-08-13,122.2t,65.9m,67.4t,54.7t,$36.4m,$29.5m,$322.4k,$29.7k,$352.1k,$292.7k,525,43,568,354,214,$0.270,$0.269,-$0.0008,162.7t,$43.9m
2023-08-12,122.3t,65.4m,67.6t,54.7t,$36.2m,$29.2m,$344.6k,$16.6k,$361.2k,$328.1k,535,27,562,279,283,$0.268,$0.267,-$0.0008,162.1t,$43.8m
2023-08-11,123.5t,64.6m,68.2t,55.3t,$35.8m,$28.9m,$272.6k,$15.0k,$287.6k,$257.6k,384,34,418,336,82,$0.262,$0.261,-$0.0012,162.0t,$42.1m
2023-08-10,124.5t,64.3m,68.9t,55.6t,$35.6m,$28.7m,$257.2k,$43.0k,$300.3k,$214.2k,458,49,507,424,83,$0.258,$0.258,-$0.0001,161.3t,$42.0m
2023-08-09,126.2t,64.3m,70.0t,56.1t,$35.7m,$28.6m,$351.7k,$23.2k,$374.9k,$328.5k,480,44,524,403,121,$0.255,$0.254,-$0.0006,160.8t,$41.8m
2023-08-08,126.9t,63.8m,70.6t,56.3t,$35.4m,$28.4m,$290.6k,$14.0k,$304.5k,$276.6k,393,34,427,129,298,$0.251,$0.252,$0.0008,160.5t,$40.1m
2023-08-07,128.0t,62.8m,71.0t,57.0t,$34.8m,$28.0m,$209.3k,$25.3k,$234.6k,$184.1k,417,29,446,347,99,$0.245,$0.246,$0.0007,160.4t,$40.1m
2023-08-06,128.7t,62.6m,71.1t,57.5t,$34.7m,$27.9m,$273.0k,$16.4k,$289.4k,$256.7k,439,47,486,315,171,$0.244,$0.242,-$0.0016,159.6t,$38.3m
2023-08-05,129.6t,62.1m,71.9t,57.8t,$34.5m,$27.6m,$296.7k,$24.1k,$320.7k,$272.6k,452,28,480,341,139,$0.240,$0.239,-$0.0006,158.9t,$38.1m
2023-08-04,130.5t,61.3m,72.3t,58.2t,$34.0m,$27.4m,$364.1k,$30.0k,$394.2k,$334.1k,353,37,390,237,153,$0.235,$0.235,0$.0000,158.8t,$38.1m
2023-08-03,133.2t,60.6m,74.0t,59.1t,$33.6m,$27.0m,$427.8k,$22.7k,$450.5k,$405.1k,357,31,388,221,167,$0.227,$0.228,$0.0016,158.3t,$36.4m
2023-08-02,133.6t,59.7m,74.2t,59.5t,$33.0m,$26.7m,$166.6k,$25.9k,$192.6k,$140.7k,235,40,275,202,73,$0.222,$0.225,$0.0025,157.7t,$34.7m
2023-08-01,134.5t,60.3m,74.7t,59.8t,$33.7m,$26.6m,$161.0k,$30.3k,$191.3k,$130.8k,271,46,317,111,206,$0.226,$0.223,-$0.0027,157.2t,$34.6m
2023-07-31,134.8t,59.2m,74.8t,60.0t,$32.7m,$26.5m,$119.2k,$124.6k,$243.8k,-$5.4k,318,35,353,298,55,$0.219,$0.221,$0.0018,157.0t,$34.5m
2023-07-30,134.9t,59.5m,74.8t,60.1t,$33.0m,$26.5m,$97.7k,$23.7k,$121.4k,$74.1k,194,22,216,150,66,$0.221,$0.220,-$0.0004,156.6t,$34.5m
2023-07-29,135.3t,59.3m,75.0t,60.3t,$33.0m,$26.4m,$119.7k,$23.2k,$142.9k,$96.5k,206,27,233,202,31,$0.220,$0.219,-$0.0007,156.3t,$34.4m
2023-07-28,135.5t,59.0m,75.1t,60.3t,$32.7m,$26.3m,$106.9k,$44.0k,$150.9k,$62.8k,141,43,184,147,37,$0.218,$0.218,$0.0003,156.3t,$34.4m
2023-07-27,136.2t,58.6m,75.4t,60.8t,$32.5m,$26.2m,$134.9k,$40.9k,$175.9k,$94.0k,245,35,280,164,116,$0.215,$0.215,-$0.0001,155.8t,$34.3m
2023-07-26,136.3t,58.3m,75.4t,60.9t,$32.2m,$26.0m,$111.7k,$22.3k,$133.9k,$89.4k,227,26,253,193,60,$0.214,$0.214,$0.0003,155.7t,$34.2m
2023-07-25,136.6t,58.0m,75.5t,61.1t,$32.0m,$25.9m,$93.2k,$27.0k,$120.2k,$66.2k,137,32,169,143,26,$0.212,$0.212,$0.0002,155.4t,$32.6m
2023-07-24,137.1t,58.0m,76.0t,61.0t,$32.1m,$25.9m,$100.8k,$22.2k,$123.0k,$78.5k,163,45,208,173,35,$0.211,$0.213,$0.0017,155.1t,$32.6m
2023-07-23,137.3t,58.3m,76.2t,61.0t,$32.3m,$26.0m,$104.8k,$11.9k,$116.7k,$92.9k,177,29,206,181,25,$0.212,$0.213,$0.0004,154.7t,$32.5m
2023-07-22,137.9t,57.9m,76.7t,61.2t,$32.0m,$25.9m,$78.7k,$15.4k,$94.2k,$63.3k,117,37,154,129,25,$0.209,$0.211,$0.0026,154.3t,$32.4m
2023-07-21,138.0t,58.2m,76.8t,61.1t,$32.3m,$25.9m,$104.5k,$41.3k,$145.8k,$63.1k,147,51,198,168,30,$0.210,$0.212,$0.0013,154.1t,$32.4m
2023-07-20,138.2t,57.9m,77.1t,61.1t,$32.0m,$25.9m,$74.8k,$36.6k,$111.4k,$38.2k,98,44,142,104,38,$0.208,$0.212,$0.0042,153.9t,$32.3m
2023-07-19,138.6t,57.6m,77.5t,61.1t,$31.8m,$25.9m,$82.3k,$17.2k,$99.5k,$65.1k,179,89,268,136,132,$0.205,$0.212,$0.0069,153.5t,$32.2m
2023-07-18,138.8t,57.3m,77.7t,61.0t,$31.5m,$25.9m,$85.4k,$62.6k,$148.0k,$22.8k,170,78,248,118,130,$0.202,$0.212,$0.0095,153.3t,$32.2m
2023-07-17,138.9t,57.8m,77.9t,60.9t,$31.9m,$25.9m,$94.6k,$61.7k,$156.3k,$32.9k,260,111,371,179,192,$0.205,$0.213,$0.0083,153.1t,$32.1m
2023-07-16,138.9t,57.6m,78.0t,60.9t,$31.6m,$26.0m,$71.6k,$78.8k,$150.4k,-$7.1k,168,61,229,112,117,$0.203,$0.213,$0.0104,152.8t,$32.1m
2023-07-15,139.0t,58.7m,78.2t,60.8t,$32.7m,$26.0m,$105.3k,$31.6k,$136.9k,$73.7k,175,40,215,103,112,$0.209,$0.214,$0.0047,152.7t,$32.1m
2023-07-14,139.3t,58.1m,78.4t,60.8t,$32.1m,$26.0m,$122.1k,$60.7k,$182.8k,$61.4k,316,53,369,146,223,$0.205,$0.214,$0.0089,152.3t,$32.0m
2023-07-13,140.0t,59.1m,78.6t,61.4t,$33.2m,$25.9m,$264.2k,$76.6k,$340.8k,$187.7k,864,133,997,268,729,$0.211,$0.210,-$0.0007,151.6t,$31.8m
2023-07-12,142.1t,57.1m,78.8t,63.3t,$31.5m,$25.6m,$406.5k,$37.2k,$443.7k,$369.3k,1313,64,1377,140,1237,$0.200,$0.203,$0.0025,149.9t,$31.5m
2023-07-11,142.5t,57.0m,78.9t,63.5t,$32.0m,$25.0m,$107.2k,$18.0k,$125.2k,$89.2k,185,47,232,45,187,$0.203,$0.197,-$0.0062,149.7t,$29.9m
2023-07-10,143.0t,56.4m,78.9t,64.1t,$31.7m,$24.8m,$111.4k,$16.8k,$128.2k,$94.6k,121,40,161,67,94,$0.201,$0.193,-$0.0074,149.6t,$29.9m
2023-07-09,143.3t,54.8m,79.1t,64.1t,$30.1m,$24.6m,$56.7k,$35.4k,$92.1k,$21.3k,78,31,109,87,22,$0.190,$0.192,$0.0016,149.4t,$28.4m
2023-07-08,143.3t,55.0m,79.2t,64.1t,$30.3m,$24.6m,$49.6k,$11.6k,$61.1k,$38.0k,70,33,103,76,27,$0.191,$0.192,$0.0008,149.3t,$28.4m
2023-07-07,143.4t,54.8m,79.4t,64.0t,$30.2m,$24.6m,$55.8k,$21.7k,$77.6k,$34.1k,92,41,133,101,32,$0.190,$0.192,$0.0024,149.1t,$28.3m
2023-07-06,143.8t,54.4m,79.7t,64.0t,$29.7m,$24.7m,$74.9k,$15.3k,$90.3k,$59.6k,91,47,138,94,44,$0.186,$0.193,$0.0064,149.0t,$28.3m
2023-07-05,144.2t,55.1m,80.2t,63.9t,$30.4m,$24.7m,$78.1k,$25.4k,$103.5k,$52.7k,125,53,178,127,51,$0.190,$0.193,$0.0030,148.8t,$28.3m
2023-07-04,144.6t,55.4m,80.7t,63.9t,$30.7m,$24.7m,$91.9k,$11.9k,$103.8k,$80.0k,122,32,154,126,28,$0.191,$0.193,$0.0025,148.5t,$28.2m
2023-07-03,144.8t,55.7m,80.7t,64.1t,$31.0m,$24.7m,$129.5k,$17.3k,$146.8k,$112.2k,131,32,163,75,88,$0.192,$0.193,$0.0003,148.3t,$28.2m
2023-07-02,145.6t,55.5m,80.8t,64.8t,$31.0m,$24.5m,$164.6k,$79.7k,$244.3k,$84.9k,133,32,165,104,61,$0.192,$0.189,-$0.0021,148.2t,$28.2m
2023-07-01,145.6t,55.5m,80.8t,64.8t,$31.2m,$24.4m,$95.9k,$41.3k,$137.3k,$54.6k,119,43,162,40,122,$0.193,$0.188,-$0.0050,147.9t,$28.1m
2023-06-30,145.9t,54.5m,80.6t,65.3t,$30.3m,$24.2m,$73.8k,$19.2k,$93.0k,$54.6k,127,32,159,55,104,$0.188,$0.185,-$0.0029,147.7t,$28.1m
2023-06-29,146.1t,53.5m,80.6t,65.6t,$29.4m,$24.1m,$96.9k,$47.8k,$144.7k,$49.1k,120,39,159,114,45,$0.183,$0.183,$0.0007,147.5t,$26.5m
2023-06-28,146.7t,53.1m,81.1t,65.6t,$29.0m,$24.0m,$102.4k,$22.1k,$124.5k,$80.3k,139,53,192,149,43,$0.179,$0.183,$0.0043,147.2t,$26.5m
2023-06-27,147.2t,53.7m,81.5t,65.6t,$29.7m,$24.0m,$217.1k,$24.0k,$241.2k,$193.1k,198,30,228,114,114,$0.182,$0.183,$0.0010,146.9t,$26.4m
2023-06-26,148.3t,53.2m,82.2t,66.2t,$29.4m,$23.8m,$157.4k,$16.4k,$173.8k,$141.0k,167,30,197,161,36,$0.179,$0.180,$0.0011,146.7t,$26.4m
2023-06-25,148.9t,53.3m,82.7t,66.2t,$29.5m,$23.8m,$145.1k,$20.2k,$165.3k,$124.8k,115,32,147,125,22,$0.178,$0.180,$0.0012,146.4t,$26.3m
2023-06-24,149.9t,52.7m,83.6t,66.3t,$29.0m,$23.7m,$187.0k,$14.1k,$201.1k,$172.9k,178,29,207,152,55,$0.173,$0.179,$0.0060,145.8t,$26.2m
2023-06-23,150.9t,53.3m,84.3t,66.7t,$29.6m,$23.6m,$259.6k,$21.2k,$280.8k,$238.4k,158,43,201,120,81,$0.176,$0.177,$0.0016,145.5t,$26.2m
2023-06-22,152.4t,52.4m,85.2t,67.2t,$28.9m,$23.5m,$163.8k,$13.8k,$177.6k,$150.0k,119,30,149,101,48,$0.170,$0.175,$0.0051,144.3t,$24.5m
2023-06-21,153.2t,53.1m,85.4t,67.8t,$29.7m,$23.4m,$194.2k,$20.2k,$214.4k,$174.0k,161,38,199,58,141,$0.174,$0.173,-$0.0012,143.6t,$24.4m
2023-06-20,153.7t,52.6m,85.5t,68.2t,$29.5m,$23.1m,$107.0k,$11.4k,$118.4k,$95.6k,96,22,118,69,49,$0.173,$0.169,-$0.0035,143.1t,$24.3m
2023-06-19,154.0t,51.8m,85.8t,68.2t,$28.8m,$23.0m,$54.5k,$18.2k,$72.8k,$36.3k,88,32,120,108,12,$0.168,$0.169,$0.0010,142.8t,$24.3m
2023-06-18,154.3t,51.9m,85.9t,68.4t,$28.9m,$23.0m,$75.7k,$25.1k,$100.8k,$50.6k,79,15,94,29,65,$0.168,$0.168,$0.0002,142.8t,$24.3m
2023-06-17,154.5t,51.8m,85.9t,68.6t,$28.9m,$22.9m,$98.9k,$57.2k,$156.1k,$41.7k,74,35,109,49,60,$0.169,$0.167,-$0.0017,142.6t,$24.2m
2023-06-16,154.3t,51.1m,85.5t,68.9t,$28.3m,$22.8m,$79.0k,$73.9k,$152.9k,$5.1k,88,25,113,83,30,$0.166,$0.166,-$0.0001,142.3t,$24.2m
2023-06-15,154.2t,50.8m,85.3t,68.9t,$28.0m,$22.7m,$65.1k,$24.5k,$89.6k,$40.6k,57,37,94,60,34,$0.164,$0.165,$0.0007,141.8t,$22.7m
2023-06-14,154.4t,50.8m,85.4t,69.0t,$28.1m,$22.7m,$96.7k,$45.3k,$142.0k,$51.4k,73,22,95,27,68,$0.165,$0.165,-$0.0002,141.8t,$22.7m
2023-06-13,155.0t,51.4m,85.1t,69.9t,$28.9m,$22.6m,$86.7k,$15.9k,$102.6k,$70.7k,92,25,117,26,91,$0.170,$0.161,-$0.0084,141.4t,$22.6m
2023-06-12,155.6t,49.8m,85.3t,70.3t,$27.4m,$22.4m,$158.2k,$354.5k,$512.7k,-$196.3k,112,54,166,67,99,$0.161,$0.159,-$0.0017,141.1t,$22.6m
2023-06-11,152.8t,50.7m,84.6t,68.3t,$27.8m,$22.9m,$74.1k,$219.8k,$294.0k,-$145.7k,105,33,138,115,23,$0.165,$0.168,$0.0032,140.8t,$22.5m
2023-06-10,152.6t,51.5m,86.6t,66.0t,$28.5m,$22.9m,$639.0k,$552.7k,$1.2m,$86.3k,183,98,281,172,109,$0.165,$0.174,$0.0091,140.6t,$23.9m
2023-06-09,154.8t,53.8m,88.9t,65.9t,$29.9m,$23.9m,$310.6k,$25.8k,$336.5k,$284.8k,195,37,232,164,68,$0.168,$0.181,$0.0131,140.4t,$25.3m
2023-06-08,155.6t,53.4m,89.4t,66.3t,$29.7m,$23.7m,$335.9k,$99.0k,$434.9k,$236.9k,136,26,162,118,44,$0.166,$0.179,$0.0126,140.1t,$25.2m
2023-06-07,157.0t,52.6m,90.8t,66.2t,$29.1m,$23.5m,$207.3k,$85.5k,$292.8k,$121.7k,153,45,198,144,54,$0.160,$0.177,$0.0168,140.0t,$23.8m
2023-06-06,158.2t,54.8m,91.8t,66.4t,$31.2m,$23.6m,$233.7k,$34.1k,$267.8k,$199.6k,224,29,253,203,50,$0.170,$0.177,$0.0074,139.9t,$23.8m
2023-06-05,159.8t,53.9m,93.3t,66.5t,$30.4m,$23.5m,$348.5k,$12.5k,$361.0k,$336.0k,308,31,339,261,78,$0.163,$0.176,$0.0135,139.5t,$23.7m
2023-06-04,161.9t,56.3m,94.8t,67.2t,$32.9m,$23.4m,$317.5k,$22.7k,$340.3k,$294.8k,280,31,311,207,104,$0.174,$0.174,$0.0005,139.3t,$25.1m
2023-06-03,162.6t,55.8m,95.1t,67.5t,$32.7m,$23.2m,$204.0k,$8.4k,$212.3k,$195.6k,243,18,261,160,101,$0.172,$0.171,-$0.0002,139.2t,$23.7m
2023-06-02,163.9t,55.5m,96.0t,67.9t,$32.5m,$23.0m,$173.3k,$20.4k,$193.7k,$152.9k,212,24,236,144,92,$0.169,$0.169,$0.0002,138.9t,$23.6m
2023-06-01,164.5t,54.9m,96.4t,68.1t,$32.1m,$22.9m,$164.6k,$36.5k,$201.1k,$128.1k,144,34,178,138,40,$0.166,$0.168,$0.0016,138.5t,$23.6m
2023-05-31,165.0t,54.9m,96.7t,68.3t,$32.1m,$22.9m,$135.4k,$27.3k,$162.7k,$108.1k,188,19,207,184,23,$0.166,$0.167,$0.0016,138.4t,$23.5m
2023-05-30,166.0t,55.2m,97.5t,68.5t,$32.4m,$22.8m,$167.3k,$12.1k,$179.5k,$155.2k,192,19,211,152,59,$0.166,$0.166,$0.0003,138.2t,$23.5m
2023-05-29,166.9t,54.9m,98.2t,68.7t,$32.2m,$22.7m,$180.7k,$8.3k,$189.0k,$172.4k,217,15,232,90,142,$0.164,$0.165,$0.0012,138.0t,$23.5m
2023-05-28,167.4t,54.8m,98.1t,69.4t,$32.4m,$22.4m,$139.4k,$73.4k,$212.9k,$66.0k,197,18,215,128,87,$0.165,$0.162,-$0.0032,138.0t,$22.1m
2023-05-27,169.2t,54.0m,99.6t,69.5t,$31.6m,$22.4m,$301.7k,$9.2k,$311.0k,$292.5k,200,16,216,198,18,$0.159,$0.161,$0.0025,137.7t,$22.0m
2023-05-26,170.3t,53.3m,100.6t,69.6t,$31.0m,$22.3m,$172.5k,$5.3k,$177.7k,$167.2k,115,13,128,106,22,$0.154,$0.160,$0.0064,137.5t,$22.0m
2023-05-25,171.2t,52.8m,101.4t,69.9t,$30.5m,$22.3m,$114.4k,$4.6k,$118.9k,$109.8k,115,16,131,107,24,$0.151,$0.160,$0.0090,137.2t,$20.6m
2023-05-24,171.7t,52.7m,101.8t,69.9t,$30.5m,$22.2m,$99.9k,$14.0k,$113.9k,$85.9k,120,20,140,109,31,$0.150,$0.159,$0.0091,137.1t,$20.6m
2023-05-23,172.1t,53.3m,102.1t,70.1t,$31.1m,$22.2m,$80.3k,$7.7k,$88.0k,$72.6k,122,17,139,118,21,$0.152,$0.158,$0.0057,136.9t,$21.9m
2023-05-22,172.7t,52.7m,102.4t,70.3t,$30.6m,$22.1m,$91.0k,$18.2k,$109.2k,$72.8k,114,20,134,108,26,$0.149,$0.157,$0.0080,136.7t,$20.5m
2023-05-21,173.0t,52.3m,102.6t,70.4t,$30.2m,$22.1m,$69.5k,$7.8k,$77.3k,$61.6k,95,20,115,92,23,$0.147,$0.157,$0.0095,136.6t,$20.5m
2023-05-20,173.7t,52.6m,103.1t,70.6t,$30.6m,$22.0m,$131.1k,$12.5k,$143.6k,$118.6k,109,26,135,102,33,$0.148,$0.156,$0.0078,136.3t,$20.5m
2023-05-19,174.2t,52.2m,103.4t,70.8t,$30.2m,$21.9m,$90.5k,$9.8k,$100.4k,$80.7k,133,24,157,125,32,$0.146,$0.155,$0.0089,136.1t,$20.4m
2023-05-18,174.5t,52.0m,103.6t,70.8t,$30.2m,$21.9m,$177.2k,$7.2k,$184.4k,$170.0k,136,26,162,127,35,$0.146,$0.154,$0.0088,136.0t,$20.4m
2023-05-17,176.2t,52.1m,104.9t,71.3t,$30.4m,$21.8m,$130.5k,$13.4k,$144.0k,$117.1k,132,27,159,123,36,$0.145,$0.153,$0.0082,135.4t,$20.3m
2023-05-16,176.6t,51.7m,105.2t,71.4t,$30.0m,$21.7m,$123.7k,$49.0k,$172.7k,$74.7k,118,28,146,108,38,$0.142,$0.152,$0.0097,135.3t,$20.3m
2023-05-15,177.0t,51.7m,105.2t,71.8t,$30.1m,$21.6m,$188.1k,$8.5k,$196.5k,$179.6k,151,13,164,132,32,$0.143,$0.151,$0.0076,135.1t,$20.3m
2023-05-14,178.5t,51.2m,106.6t,71.9t,$29.7m,$21.5m,$151.8k,$29.9k,$181.6k,$121.9k,97,16,113,87,26,$0.139,$0.150,$0.0103,134.6t,$20.1m
2023-05-13,179.0t,50.8m,106.8t,72.2t,$29.4m,$21.4m,$61.9k,$8.9k,$70.8k,$52.9k,50,22,72,44,28,$0.138,$0.148,$0.0109,134.4t,$18.8m
2023-05-12,179.3t,50.5m,107.0t,72.3t,$29.1m,$21.4m,$63.3k,$8.3k,$71.6k,$55.0k,92,29,121,87,34,$0.136,$0.148,$0.0119,134.3t,$18.8m
2023-05-11,179.4t,50.3m,106.9t,72.5t,$29.0m,$21.3m,$93.8k,$44.7k,$138.5k,$49.1k,71,26,97,67,30,$0.136,$0.147,$0.0112,134.0t,$18.8m
2023-05-10,179.8t,50.9m,107.1t,72.7t,$29.7m,$21.2m,$64.5k,$10.4k,$74.9k,$54.1k,67,25,92,58,34,$0.139,$0.146,$0.0074,133.7t,$18.7m
2023-05-09,180.4t,50.6m,107.3t,73.1t,$29.5m,$21.2m,$67.5k,$7.5k,$75.0k,$60.0k,61,17,78,48,30,$0.137,$0.145,$0.0073,133.4t,$18.7m
2023-05-08,180.8t,50.6m,107.3t,73.5t,$29.5m,$21.1m,$73.5k,$20.4k,$93.9k,$53.1k,70,37,107,64,43,$0.138,$0.143,$0.0055,133.0t,$18.6m
2023-05-07,180.4t,51.4m,106.9t,73.5t,$30.4m,$21.0m,$121.4k,$97.0k,$218.3k,$24.4k,77,37,114,77,37,$0.142,$0.143,$0.0007,132.6t,$18.9m
2023-05-06,180.7t,51.3m,107.3t,73.5t,$30.4m,$20.9m,$117.4k,$23.5k,$140.9k,$93.9k,77,37,114,90,24,$0.142,$0.143,$0.0009,132.2t,$18.5m
2023-05-05,181.0t,51.5m,107.5t,73.5t,$30.6m,$20.9m,$57.1k,$56.5k,$113.6k,$643.3,43,51,94,64,30,$0.142,$0.142,$0.0001,131.6t,$18.7m
2023-05-04,181.1t,51.2m,107.5t,73.6t,$30.3m,$20.9m,$58.3k,$18.0k,$76.3k,$40.2k,59,27,86,61,25,$0.141,$0.142,$0.0011,131.5t,$18.4m
2023-05-03,181.3t,51.3m,107.6t,73.7t,$30.5m,$20.9m,$96.1k,$15.0k,$111.0k,$81.1k,56,35,91,74,17,$0.142,$0.142,$0.0000,131.3t,$18.4m
2023-05-02,182.1t,50.8m,108.5t,73.6t,$29.9m,$20.8m,$76.0k,$20.1k,$96.1k,$55.8k,72,32,104,90,14,$0.138,$0.142,$0.0037,130.8t,$18.3m
2023-05-01,182.1t,51.3m,108.4t,73.7t,$30.4m,$20.9m,$59.9k,$70.1k,$130.0k,-$10.2k,62,30,92,51,41,$0.140,$0.142,$0.0011,130.3t,$18.2m
2023-04-30,182.1t,52.1m,108.3t,73.8t,$31.3m,$20.8m,$50.2k,$19.6k,$69.8k,$30.5k,50,14,64,40,24,$0.145,$0.141,-$0.0036,130.3t,$18.2m
2023-04-29,182.3t,50.6m,108.5t,73.9t,$29.8m,$20.8m,$72.5k,$32.8k,$105.4k,$39.7k,50,18,68,60,8,$0.138,$0.141,$0.0031,130.1t,$18.2m
2023-04-28,182.8t,50.8m,109.0t,73.8t,$30.0m,$20.8m,$69.3k,$4.1k,$73.3k,$65.2k,55,8,63,56,7,$0.138,$0.141,$0.0031,129.6t,$18.1m
2023-04-27,183.3t,51.3m,109.3t,74.0t,$30.5m,$20.8m,$54.6k,$8.4k,$63.0k,$46.2k,42,16,58,41,17,$0.139,$0.141,$0.0012,129.4t,$18.1m
2023-04-26,183.5t,51.1m,109.5t,74.0t,$30.4m,$20.7m,$41.4k,$15.0k,$56.4k,$26.4k,38,18,56,23,33,$0.139,$0.140,$0.0013,129.3t,$18.1m
2023-04-25,183.7t,51.8m,109.4t,74.3t,$31.1m,$20.7m,$59.6k,$10.3k,$69.9k,$49.3k,37,21,58,38,20,$0.142,$0.139,-$0.0030,129.3t,$18.1m
2023-04-24,183.9t,51.0m,109.7t,74.3t,$30.4m,$20.6m,$29.1k,$30.6k,$59.7k,-$1.5k,37,25,62,47,15,$0.138,$0.139,$0.0005,129.0t,$17.9m
2023-04-23,184.0t,51.0m,109.7t,74.3t,$30.3m,$20.6m,$29.6k,$6.0k,$35.6k,$23.7k,25,20,45,30,15,$0.138,$0.139,$0.0007,128.8t,$17.9m
2023-04-22,184.2t,51.1m,110.0t,74.3t,$30.4m,$20.6m,$45.6k,$18.5k,$64.1k,$27.1k,50,20,70,56,14,$0.138,$0.139,$0.0007,128.6t,$18.0m
2023-04-21,184.5t,50.1m,110.4t,74.1t,$29.4m,$20.7m,$49.5k,$17.2k,$66.7k,$32.3k,51,24,75,64,11,$0.133,$0.140,$0.0066,128.3t,$18.0m
2023-04-20,184.6t,49.7m,110.5t,74.1t,$29.0m,$20.7m,$83.4k,$7.9k,$91.3k,$75.5k,40,15,55,49,6,$0.131,$0.140,$0.0089,128.3t,$17.9m
2023-04-19,185.1t,49.9m,111.0t,74.0t,$29.3m,$20.7m,$56.0k,$53.8k,$109.8k,$2.1k,58,25,83,69,14,$0.132,$0.140,$0.0080,128.0t,$17.8m
2023-04-18,185.5t,51.7m,111.1t,74.5t,$31.0m,$20.7m,$104.0k,$10.8k,$114.8k,$93.2k,55,26,81,54,27,$0.140,$0.139,-$0.0007,127.8t,$17.9m
2023-04-17,186.0t,51.3m,111.1t,74.9t,$30.7m,$20.5m,$84.1k,$13.4k,$97.6k,$70.7k,42,21,63,20,43,$0.138,$0.137,-$0.0012,127.4t,$17.6m
2023-04-16,186.6t,51.9m,111.1t,75.5t,$31.5m,$20.4m,$74.9k,$17.6k,$92.5k,$57.3k,57,18,75,19,56,$0.142,$0.135,-$0.0067,127.2t,$17.8m
2023-04-15,186.6t,50.5m,110.7t,75.9t,$30.2m,$20.2m,$35.4k,$32.9k,$68.2k,$2.5k,38,26,64,24,40,$0.136,$0.133,-$0.0031,127.0t,$17.3m
2023-04-14,186.8t,50.0m,110.6t,76.2t,$29.9m,$20.2m,$52.1k,$27.7k,$79.7k,$24.4k,45,20,65,19,46,$0.135,$0.132,-$0.0025,126.8t,$16.5m
2023-04-13,186.8t,49.6m,110.6t,76.2t,$29.5m,$20.1m,$37.7k,$9.9k,$47.7k,$27.8k,32,20,52,25,27,$0.133,$0.132,-$0.0015,126.8t,$16.5m
2023-04-12,186.9t,49.1m,110.5t,76.4t,$29.1m,$20.0m,$31.5k,$24.6k,$56.1k,$6.9k,33,15,48,22,26,$0.132,$0.131,-$0.0004,126.7t,$16.6m
2023-04-11,187.0t,49.3m,110.3t,76.7t,$29.4m,$20.0m,$29.9k,$29.7k,$59.6k,$291.1,40,18,58,18,40,$0.133,$0.130,-$0.0029,126.6t,$16.5m
2023-04-10,187.0t,48.9m,110.1t,76.8t,$29.0m,$19.9m,$39.4k,$11.4k,$50.8k,$28.0k,23,18,41,25,16,$0.132,$0.129,-$0.0020,126.5t,$16.3m
2023-04-09,187.2t,48.4m,110.3t,76.9t,$28.5m,$19.9m,$26.8k,$9.2k,$36.0k,$17.6k,23,11,34,26,8,$0.129,$0.129,-$0.0002,126.3t,$16.3m
2023-04-08,187.3t,48.1m,110.4t,76.9t,$28.3m,$19.8m,$31.5k,$8.5k,$40.0k,$23.0k,25,24,49,31,18,$0.128,$0.129,$0.0010,126.2t,$16.2m
2023-04-07,187.4t,48.1m,110.4t,76.9t,$28.3m,$19.8m,$39.8k,$12.4k,$52.1k,$27.4k,41,24,65,55,10,$0.128,$0.129,$0.0008,126.0t,$16.4m
2023-04-06,187.6t,48.2m,110.7t,76.9t,$28.4m,$19.8m,$39.6k,$9.7k,$49.3k,$29.9k,32,13,45,30,15,$0.128,$0.129,$0.0005,125.7t,$16.3m
2023-04-05,187.7t,48.3m,110.8t,76.9t,$28.5m,$19.8m,$38.3k,$15.2k,$53.5k,$23.1k,29,18,47,27,20,$0.129,$0.129,0$.0000,125.6t,$16.3m
2023-04-04,187.9t,47.9m,110.8t,77.1t,$28.2m,$19.7m,$55.9k,$16.8k,$72.7k,$39.0k,48,21,69,55,14,$0.127,$0.128,$0.0006,125.3t,$16.3m
2023-04-03,188.1t,47.7m,111.1t,77.1t,$28.0m,$19.7m,$38.7k,$36.6k,$75.3k,$2.1k,34,23,57,46,11,$0.126,$0.128,$0.0022,124.9t,$16.0m
2023-04-02,188.2t,48.1m,111.2t,77.0t,$28.4m,$19.8m,$46.7k,$7.3k,$54.0k,$39.4k,32,14,46,35,11,$0.128,$0.128,$0.0009,124.7t,$16.2m
2023-04-01,188.6t,48.2m,111.4t,77.2t,$28.4m,$19.7m,$63.9k,$12.4k,$76.3k,$51.5k,40,14,54,40,14,$0.128,$0.128,$0.0003,124.2t,$16.1m
2023-03-31,188.7t,48.2m,111.7t,77.1t,$28.5m,$19.7m,$52.8k,$25.5k,$78.3k,$27.4k,36,21,57,27,30,$0.128,$0.128,$0.0000,124.0t,$16.1m
2023-03-30,189.1t,48.2m,111.8t,77.2t,$28.5m,$19.7m,$61.1k,$25.3k,$86.4k,$35.8k,29,27,56,33,23,$0.127,$0.127,$0.0000,123.6t,$15.7m
2023-03-29,189.2t,47.8m,111.8t,77.4t,$28.2m,$19.6m,$51.5k,$10.4k,$61.9k,$41.1k,30,20,50,22,28,$0.126,$0.127,$0.0006,123.4t,$16.0m
2023-03-28,189.6t,47.7m,111.8t,77.7t,$28.2m,$19.5m,$378.5k,$332.1k,$710.7k,$46.4k,35,24,59,38,21,$0.126,$0.126,-$0.0002,122.7t,$15.2m
2023-03-27,189.8t,47.4m,112.9t,77.0t,$28.0m,$19.4m,$188.1k,$231.0k,$419.2k,-$42.9k,38,27,65,48,17,$0.124,$0.126,$0.0023,122.6t,$15.2m
2023-03-26,189.6t,49.0m,113.0t,76.6t,$29.2m,$19.8m,$32.2k,$13.3k,$45.5k,$18.9k,25,20,45,39,6,$0.129,$0.129,-$0.0001,122.3t,$15.9m
2023-03-25,189.7t,48.5m,113.1t,76.6t,$28.7m,$19.8m,$34.5k,$41.9k,$76.4k,-$7.4k,26,15,41,32,9,$0.127,$0.129,$0.0025,122.1t,$15.9m
2023-03-24,189.7t,48.5m,113.5t,76.2t,$28.6m,$19.9m,$30.4k,$10.3k,$40.7k,$20.2k,32,19,51,39,12,$0.126,$0.130,$0.0044,121.8t,$15.8m
2023-03-23,189.9t,49.1m,113.7t,76.2t,$29.2m,$19.9m,$236.6k,$211.1k,$447.7k,$25.5k,27,20,47,35,12,$0.128,$0.130,$0.0020,121.8t,$15.2m
2023-03-22,190.0t,48.4m,113.8t,76.2t,$28.4m,$19.9m,$35.6k,$9.2k,$44.8k,$26.3k,40,16,56,44,12,$0.125,$0.131,$0.0056,121.4t,$15.8m
2023-03-21,190.1t,49.5m,113.9t,76.2t,$29.6m,$19.9m,$35.4k,$20.1k,$55.5k,$15.4k,29,24,53,38,15,$0.130,$0.131,$0.0009,121.3t,$15.8m
2023-03-20,190.3t,49.2m,114.0t,76.3t,$29.4m,$19.9m,$35.2k,$13.8k,$49.0k,$21.4k,28,19,47,31,16,$0.129,$0.130,$0.0016,121.1t,$15.8m
2023-03-19,190.3t,49.5m,113.8t,76.5t,$29.7m,$19.8m,$38.1k,$20.1k,$58.2k,$18.0k,23,20,43,22,21,$0.131,$0.130,-$0.0009,121.0t,$15.7m
2023-03-18,190.5t,48.9m,113.8t,76.7t,$29.2m,$19.7m,$382.1k,$355.3k,$737.4k,$26.8k,38,28,66,32,34,$0.128,$0.129,$0.0002,120.7t,$15.7m
2023-03-17,190.7t,49.6m,113.7t,77.0t,$29.9m,$19.7m,$33.2k,$14.0k,$47.3k,$19.2k,36,25,61,26,35,$0.131,$0.128,-$0.0034,120.5t,$15.7m
2023-03-16,191.4t,48.7m,113.1t,78.2t,$29.1m,$19.6m,$149.1k,$170.0k,$319.1k,-$20.9k,34,38,72,41,31,$0.129,$0.125,-$0.0033,120.4t,$15.6m
2023-03-15,190.8t,46.7m,112.5t,78.3t,$27.4m,$19.3m,$35.1k,$28.2k,$63.2k,$6.9k,39,25,64,42,22,$0.122,$0.123,$0.0015,120.1t,$14.4m
2023-03-14,190.9t,46.9m,110.5t,80.3t,$27.6m,$19.3m,$278.3k,$256.0k,$534.3k,$22.3k,46,32,78,37,41,$0.125,$0.120,-$0.0047,120.0t,$14.4m
2023-03-13,190.7t,46.9m,110.0t,80.6t,$28.0m,$18.8m,$40.9k,$68.5k,$109.5k,-$27.6k,33,25,58,25,33,$0.127,$0.117,-$0.0105,119.9t,$14.4m
2023-03-12,190.6t,45.1m,109.9t,80.7t,$26.4m,$18.8m,$38.6k,$12.1k,$50.7k,$26.4k,28,14,42,27,15,$0.120,$0.116,-$0.0039,119.6t,$13.8m
2023-03-11,190.9t,43.9m,110.1t,80.7t,$25.2m,$18.7m,$27.0k,$25.8k,$52.8k,$1.2k,32,27,59,40,19,$0.115,$0.116,$0.0011,119.4t,$13.6m
2023-03-10,191.0t,44.1m,111.5t,79.5t,$25.3m,$18.7m,$188.9k,$153.0k,$341.9k,$35.9k,61,20,81,71,10,$0.114,$0.118,$0.0039,119.3t,$14.3m
2023-03-09,191.2t,43.9m,111.8t,79.5t,$24.9m,$19.0m,$31.9k,$16.7k,$48.6k,$15.3k,32,20,52,43,9,$0.111,$0.119,$0.0080,119.0t,$14.3m
2023-03-08,191.6t,44.8m,112.1t,79.4t,$25.8m,$19.0m,$42.2k,$6.6k,$48.8k,$35.6k,27,18,45,37,8,$0.115,$0.120,$0.0047,118.7t,$14.2m
2023-03-07,191.7t,44.9m,112.2t,79.4t,$25.9m,$19.0m,$39.2k,$24.1k,$63.3k,$15.0k,23,19,42,29,13,$0.115,$0.120,$0.0043,118.4t,$14.2m
2023-03-06,192.0t,44.8m,112.7t,79.3t,$25.7m,$19.0m,$49.8k,$19.5k,$69.3k,$30.3k,32,20,52,39,13,$0.114,$0.120,$0.0060,118.0t,$13.0m
2023-03-05,192.2t,44.8m,113.0t,79.3t,$25.7m,$19.1m,$45.0k,$37.8k,$82.9k,$7.2k,32,16,48,36,12,$0.114,$0.120,$0.0065,117.8t,$14.1m
2023-03-04,192.1t,44.8m,113.0t,79.1t,$25.7m,$19.1m,$45.9k,$27.1k,$72.9k,$18.8k,43,23,66,51,15,$0.114,$0.121,$0.0068,117.5t,$14.1m
2023-03-03,192.4t,44.8m,113.4t,79.1t,$25.7m,$19.1m,$34.0k,$8.8k,$42.8k,$25.3k,26,23,49,38,11,$0.113,$0.121,$0.0074,117.3t,$13.2m
2023-03-02,192.5t,45.6m,113.5t,79.0t,$26.5m,$19.1m,$31.1k,$38.5k,$69.5k,-$7.4k,31,34,65,46,19,$0.117,$0.121,$0.0041,117.1t,$14.1m
2023-03-01,192.2t,46.0m,113.5t,78.7t,$26.8m,$19.1m,$25.0k,$40.8k,$65.8k,-$15.8k,24,30,54,37,17,$0.118,$0.122,$0.0033,116.9t,$14.0m
2023-02-28,192.3t,45.8m,113.7t,78.7t,$26.6m,$19.2m,$23.0k,$13.3k,$36.3k,$9.7k,31,15,46,37,9,$0.117,$0.122,$0.0049,116.7t,$14.0m
2023-02-27,192.4t,46.1m,113.8t,78.7t,$26.9m,$19.2m,$26.2k,$21.5k,$47.6k,$4.7k,21,27,48,30,18,$0.118,$0.122,$0.0038,116.6t,$14.0m
2023-02-26,192.4t,46.5m,113.9t,78.5t,$27.2m,$19.2m,$22.3k,$7.5k,$29.8k,$14.8k,26,23,49,34,15,$0.120,$0.123,$0.0030,116.3t,$14.0m
2023-02-25,192.5t,45.9m,114.1t,78.5t,$26.6m,$19.2m,$40.0k,$19.6k,$59.6k,$20.4k,34,31,65,43,22,$0.117,$0.123,$0.0058,116.2t,$13.9m
2023-02-24,192.7t,45.8m,114.2t,78.4t,$26.6m,$19.3m,$40.9k,$58.7k,$99.7k,-$17.8k,47,28,75,61,14,$0.116,$0.123,$0.0065,115.9t,$13.9m
2023-02-23,192.9t,46.4m,114.5t,78.4t,$27.1m,$19.3m,$53.6k,$26.6k,$80.2k,$27.0k,32,31,63,41,22,$0.118,$0.123,$0.0044,115.6t,$13.9m
2023-02-22,192.9t,46.7m,114.6t,78.2t,$27.4m,$19.3m,$43.2k,$12.5k,$55.7k,$30.7k,37,23,60,46,14,$0.120,$0.123,$0.0037,115.5t,$13.9m
2023-02-21,193.2t,46.5m,115.0t,78.2t,$27.2m,$19.3m,$38.4k,$24.3k,$62.7k,$14.1k,28,34,62,39,23,$0.118,$0.123,$0.0050,115.2t,$13.8m
2023-02-20,193.3t,46.8m,115.2t,78.1t,$27.5m,$19.3m,$42.7k,$12.1k,$54.8k,$30.6k,32,30,62,47,15,$0.119,$0.124,$0.0046,115.0t,$13.8m
2023-02-19,193.4t,46.5m,115.4t,78.0t,$27.2m,$19.3m,$43.2k,$28.0k,$71.2k,$15.2k,45,30,75,55,20,$0.118,$0.124,$0.0061,114.6t,$14.2m
2023-02-18,193.6t,46.9m,115.6t,77.9t,$27.5m,$19.4m,$28.2k,$14.9k,$43.1k,$13.2k,35,33,68,40,28,$0.119,$0.124,$0.0054,114.5t,$13.6m
2023-02-17,193.3t,46.6m,115.2t,78.1t,$27.3m,$19.4m,$67.7k,$246.3k,$314.0k,-$178.6k,55,35,90,64,26,$0.118,$0.124,$0.0057,114.2t,$13.7m
2023-02-16,191.5t,46.2m,113.5t,78.1t,$27.0m,$19.3m,$227.8k,$204.5k,$432.2k,$23.3k,45,34,79,42,37,$0.119,$0.124,$0.0047,114.1t,$13.7m
2023-02-15,191.7t,47.2m,112.4t,79.3t,$28.2m,$19.0m,$40.9k,$39.0k,$79.9k,$2.0k,45,41,86,59,27,$0.125,$0.120,-$0.0054,113.8t,$14.1m
2023-02-14,191.7t,45.4m,112.5t,79.2t,$26.4m,$19.0m,$47.9k,$158.0k,$205.9k,-$110.2k,56,39,95,62,33,$0.117,$0.120,$0.0027,113.6t,$13.6m
2023-02-13,190.8t,45.4m,112.5t,78.3t,$26.2m,$19.2m,$39.7k,$159.7k,$199.4k,-$120.0k,57,45,102,69,33,$0.116,$0.123,$0.0061,113.3t,$13.6m
2023-02-12,189.9t,47.2m,112.3t,77.6t,$27.8m,$19.4m,$43.7k,$10.2k,$53.9k,$33.5k,47,20,67,39,28,$0.124,$0.125,$0.0016,113.3t,$14.7m
2023-02-11,190.1t,47.0m,112.4t,77.7t,$27.6m,$19.4m,$34.5k,$22.7k,$57.3k,$11.8k,62,30,92,58,34,$0.123,$0.125,$0.0020,113.0t,$13.6m
2023-02-10,190.1t,46.6m,112.4t,77.7t,$27.2m,$19.4m,$52.2k,$98.1k,$150.3k,-$45.9k,67,32,99,69,30,$0.121,$0.125,$0.0036,112.8t,$13.5m
2023-02-09,189.8t,46.7m,113.5t,76.3t,$27.3m,$19.3m,$296.8k,$261.8k,$558.6k,$35.0k,103,36,139,104,35,$0.120,$0.127,$0.0063,112.6t,$13.5m
2023-02-08,190.5t,48.6m,113.7t,76.8t,$28.9m,$19.7m,$107.3k,$4.9k,$112.2k,$102.3k,102,14,116,80,36,$0.127,$0.128,$0.0008,112.0t,$14.6m
2023-02-07,191.3t,48.8m,114.1t,77.2t,$29.2m,$19.6m,$103.6k,$21.0k,$124.6k,$82.6k,106,24,130,90,40,$0.128,$0.127,-$0.0006,111.8t,$14.5m
2023-02-06,191.6t,47.9m,114.4t,77.2t,$28.4m,$19.5m,$89.1k,$16.1k,$105.1k,$73.0k,87,30,117,98,19,$0.124,$0.126,$0.0017,111.4t,$14.5m
2023-02-05,192.1t,48.1m,114.9t,77.2t,$28.6m,$19.5m,$95.4k,$33.5k,$128.9k,$61.8k,105,29,134,99,35,$0.124,$0.126,$0.0018,111.0t,$14.4m
2023-02-04,192.8t,48.1m,115.3t,77.5t,$28.8m,$19.4m,$109.3k,$30.1k,$139.4k,$79.2k,124,25,149,101,48,$0.125,$0.125,$0.0003,110.6t,$14.4m
2023-02-03,193.4t,48.1m,115.2t,78.2t,$28.8m,$19.3m,$101.1k,$15.0k,$116.0k,$86.1k,135,17,152,85,67,$0.125,$0.123,-$0.0016,110.4t,$13.3m
2023-02-02,194.8t,47.2m,115.7t,79.1t,$28.0m,$19.2m,$204.9k,$28.3k,$233.2k,$176.6k,146,23,169,43,126,$0.121,$0.121,$0.0000,109.9t,$13.2m
2023-02-01,195.2t,46.3m,115.5t,79.7t,$27.5m,$18.9m,$158.7k,$111.4k,$270.1k,$47.3k,118,26,144,94,50,$0.119,$0.118,-$0.0006,109.7t,$13.2m
2023-01-31,196.0t,45.8m,115.9t,80.1t,$27.0m,$18.7m,$149.0k,$20.0k,$169.0k,$129.0k,135,17,152,92,60,$0.117,$0.117,$0.0004,109.0t,$13.1m
2023-01-30,197.0t,45.0m,116.5t,80.6t,$26.4m,$18.6m,$98.5k,$21.6k,$120.1k,$76.9k,100,24,124,92,32,$0.113,$0.116,$0.0021,108.0t,$11.9m
2023-01-29,197.2t,45.8m,116.5t,80.7t,$27.2m,$18.6m,$117.6k,$7.3k,$124.8k,$110.3k,131,17,148,29,119,$0.117,$0.115,-$0.0018,107.4t,$12.9m
2023-01-28,199.5t,44.6m,117.5t,81.9t,$26.3m,$18.4m,$220.8k,$11.3k,$232.1k,$209.5k,152,15,167,103,64,$0.112,$0.112,$0.0003,106.9t,$11.8m
2023-01-27,201.6t,44.4m,119.0t,82.5t,$26.2m,$18.2m,$301.0k,$19.9k,$320.9k,$281.0k,137,20,157,74,83,$0.110,$0.110,$0.0001,106.4t,$11.7m
2023-01-26,203.0t,43.5m,119.4t,83.7t,$25.6m,$17.9m,$115.2k,$17.1k,$132.3k,$98.1k,79,19,98,48,50,$0.107,$0.107,-$0.0002,105.8t,$11.6m
2023-01-25,204.7t,43.5m,120.8t,84.0t,$25.8m,$17.8m,$183.0k,$8.7k,$191.7k,$174.4k,86,16,102,74,28,$0.107,$0.106,-$0.0009,104.5t,$11.5m
2023-01-24,205.8t,42.7m,121.9t,83.9t,$24.9m,$17.8m,$426.1k,$201.1k,$627.2k,$225.0k,89,20,109,78,31,$0.102,$0.106,$0.0039,103.8t,$11.4m
2023-01-23,208.8t,42.6m,122.6t,86.1t,$25.1m,$17.5m,$239.6k,$16.7k,$256.3k,$223.0k,113,25,138,72,66,$0.102,$0.102,-$0.0008,102.6t,$10.3m
2023-01-22,210.0t,41.9m,123.4t,86.6t,$24.7m,$17.3m,$350.6k,$9.1k,$359.7k,$341.4k,112,14,126,54,72,$0.100,$0.100,-$0.0002,102.0t,$10.2m
2023-01-21,213.0t,41.0m,124.1t,88.9t,$24.1m,$16.8m,$49.8k,$24.9k,$74.7k,$24.9k,65,24,89,22,67,$0.097,$0.095,-$0.0024,101.5t,$10.1m
2023-01-20,212.8t,41.3m,123.8t,89.0t,$24.6m,$16.7m,$43.0k,$17.4k,$60.5k,$25.6k,35,26,61,31,30,$0.099,$0.094,-$0.0055,101.4t,$10.1m
2023-01-19,213.0t,40.5m,124.0t,89.0t,$23.8m,$16.7m,$14.8k,$9.3k,$24.2k,$5.5k,30,21,51,24,27,$0.096,$0.094,-$0.0018,101.4t,$9.5m
2023-01-18,213.2t,39.9m,124.0t,89.2t,$23.2m,$16.7m,$15.3k,$11.7k,$27.0k,$3.6k,19,15,34,12,22,$0.093,$0.094,$0.0003,101.4t,$10.1m
2023-01-17,213.1t,40.9m,123.9t,89.3t,$24.2m,$16.7m,$12.1k,$16.5k,$28.6k,-$4.5k,33,16,49,14,35,$0.098,$0.093,-$0.0044,101.5t,$10.1m
2023-01-16,213.1t,40.8m,123.7t,89.3t,$24.1m,$16.7m,$4.7k,$10.3k,$15.0k,-$5.7k,17,16,33,14,19,$0.098,$0.093,-$0.0041,101.5t,$10.2m
2023-01-15,213.0t,41.1m,123.7t,89.3t,$24.4m,$16.7m,$11.4k,$47.4k,$58.8k,-$35.9k,19,13,32,12,20,$0.099,$0.093,-$0.0052,101.6t,$10.2m
2023-01-14,213.0t,41.4m,123.2t,89.8t,$24.8m,$16.6m,$172.2k,$166.8k,$339.0k,$5.4k,74,63,137,63,74,$0.101,$0.093,-$0.0079,101.6t,$10.2m
2023-01-13,212.7t,40.4m,121.4t,91.3t,$24.1m,$16.3m,$44.9k,$59.9k,$104.8k,-$14.9k,43,28,71,26,45,$0.099,$0.089,-$0.0100,101.6t,$9.1m
2023-01-12,212.9t,40.0m,121.0t,91.9t,$23.7m,$16.2m,$39.2k,$40.2k,$79.4k,-$990.2,34,24,58,24,34,$0.098,$0.088,-$0.0098,101.6t,$9.1m
2023-01-11,212.2t,39.6m,120.3t,92.0t,$23.4m,$16.2m,$20.6k,$29.0k,$49.6k,-$8.4k,40,22,62,21,41,$0.097,$0.088,-$0.0092,101.6t,$9.7m
2023-01-10,212.2t,39.1m,120.1t,92.1t,$23.0m,$16.2m,$4.1k,$6.7k,$10.8k,-$2.6k,23,11,34,10,24,$0.096,$0.088,-$0.0079,101.7t,$9.6m
2023-01-09,212.4t,38.8m,120.1t,92.3t,$22.6m,$16.2m,$21.4k,$19.0k,$40.4k,$2.3k,33,21,54,19,35,$0.094,$0.088,-$0.0065,101.7t,$9.2m
2023-01-08,212.2t,38.8m,119.8t,92.5t,$22.6m,$16.1m,$12.2k,$20.4k,$32.6k,-$8.2k,25,20,45,20,25,$0.094,$0.087,-$0.0072,101.7t,$9.2m
2023-01-07,212.2t,37.8m,119.7t,92.5t,$21.7m,$16.1m,$8.1k,$17.4k,$25.5k,-$9.2k,19,21,40,19,21,$0.091,$0.087,-$0.0036,101.8t,$9.2m
2023-01-06,212.1t,37.7m,119.5t,92.6t,$21.6m,$16.1m,$10.1k,$15.8k,$25.9k,-$5.8k,14,19,33,18,15,$0.090,$0.087,-$0.0035,101.8t,$9.2m
2023-01-05,212.0t,37.5m,119.4t,92.6t,$21.4m,$16.1m,$18.4k,$9.6k,$28.0k,$8.7k,33,13,46,11,35,$0.090,$0.087,-$0.0027,101.8t,$9.2m
2023-01-04,212.0t,37.7m,119.2t,92.8t,$21.6m,$16.1m,$3.8k,$19.0k,$22.8k,-$15.2k,23,15,38,15,23,$0.091,$0.087,-$0.0039,101.8t,$9.2m
2023-01-03,212.0t,36.6m,119.1t,92.8t,$20.6m,$16.0m,$5.3k,$16.8k,$22.1k,-$11.5k,21,20,41,34,7,$0.086,$0.086,$0.0001,101.8t,$9.2m
2023-01-02,211.8t,36.6m,119.2t,92.6t,$20.6m,$16.1m,$7.1k,$17.6k,$24.7k,-$10.5k,23,28,51,37,14,$0.086,$0.087,$0.0004,101.9t,$9.2m
2023-01-01,211.7t,36.5m,119.1t,92.6t,$20.4m,$16.1m,$2.8k,$7.5k,$10.3k,-$4.7k,10,15,25,18,7,$0.086,$0.087,$0.0014,101.9t,$8.9m
2022-12-31,211.6t,36.7m,119.1t,92.5t,$20.6m,$16.1m,$5.1k,$16.3k,$21.4k,-$11.2k,17,16,33,25,8,$0.086,$0.087,$0.0006,102.0t,$8.9m
2022-12-30,211.5t,36.7m,119.0t,92.4t,$20.5m,$16.1m,$4.2k,$11.1k,$15.4k,-$6.9k,12,18,30,20,10,$0.086,$0.087,$0.0008,102.0t,$8.9m
2022-12-29,211.4t,36.7m,119.0t,92.4t,$20.6m,$16.1m,$6.4k,$9.4k,$15.8k,-$3.0k,13,20,33,19,14,$0.087,$0.087,$0.0006,102.0t,$9.2m
2022-12-28,211.3t,36.5m,118.9t,92.4t,$20.4m,$16.1m,$3.6k,$16.2k,$19.8k,-$12.6k,18,22,40,32,8,$0.086,$0.087,$0.0015,102.0t,$9.2m
2022-12-27,211.2t,36.8m,118.9t,92.3t,$20.6m,$16.1m,$3.0k,$20.6k,$23.6k,-$17.6k,14,17,31,22,9,$0.087,$0.087,$0.0006,102.0t,$9.2m
2022-12-26,211.0t,36.5m,118.8t,92.2t,$20.4m,$16.2m,$4.5k,$111.3k,$115.8k,-$106.8k,16,19,35,28,7,$0.086,$0.088,$0.0018,102.0t,$9.2m
2022-12-25,209.7t,36.7m,117.6t,92.1t,$20.5m,$16.2m,$2.9k,$20.0k,$22.9k,-$17.1k,9,12,21,12,9,$0.087,$0.088,$0.0004,102.0t,$9.2m
2022-12-24,209.9t,36.9m,117.5t,92.4t,$20.7m,$16.2m,$23.1k,$4.1k,$27.2k,$19.0k,16,13,29,16,13,$0.088,$0.088,-$0.0007,102.0t,$9.2m
2022-12-23,209.8t,37.0m,117.4t,92.4t,$20.9m,$16.1m,$5.6k,$13.1k,$18.7k,-$7.5k,15,21,36,20,16,$0.089,$0.087,-$0.0016,102.0t,$9.2m
2022-12-22,209.6t,37.0m,117.2t,92.4t,$20.9m,$16.1m,$2.9k,$17.8k,$20.7k,-$14.9k,15,18,33,18,15,$0.089,$0.087,-$0.0018,102.1t,$9.2m
2022-12-21,209.6t,37.0m,117.2t,92.4t,$20.9m,$16.1m,$7.3k,$35.8k,$43.1k,-$28.6k,17,21,38,19,19,$0.089,$0.087,-$0.0020,102.1t,$9.2m
2022-12-20,209.3t,37.6m,116.7t,92.5t,$21.5m,$16.1m,$10.9k,$45.7k,$56.6k,-$34.8k,25,22,47,20,27,$0.092,$0.087,-$0.0050,102.1t,$9.3m
2022-12-19,208.9t,36.7m,116.3t,92.6t,$20.6m,$16.1m,$4.9k,$11.8k,$16.7k,-$6.9k,21,27,48,26,22,$0.088,$0.087,-$0.0016,102.1t,$9.0m
2022-12-18,208.8t,37.7m,116.2t,92.7t,$21.6m,$16.1m,$10.7k,$15.7k,$26.5k,-$5.0k,24,18,42,15,27,$0.093,$0.087,-$0.0061,102.1t,$9.2m
2022-12-17,208.7t,36.8m,116.0t,92.7t,$20.7m,$16.0m,$164.7k,$192.2k,$356.8k,-$27.5k,29,27,56,28,28,$0.089,$0.086,-$0.0030,102.1t,$9.2m
2022-12-16,206.5t,35.9m,118.7t,87.9t,$19.5m,$16.4m,$257.4k,$293.3k,$550.8k,-$35.9k,112,101,213,122,91,$0.082,$0.094,$0.0113,102.0t,$9.2m
2022-12-15,208.3t,38.2m,120.6t,87.8t,$21.3m,$16.9m,$22.8k,$20.2k,$42.9k,$2.6k,27,22,49,37,12,$0.088,$0.096,$0.0083,101.9t,$9.2m
2022-12-14,208.4t,39.1m,120.7t,87.6t,$22.1m,$17.0m,$24.6k,$38.5k,$63.2k,-$13.9k,40,32,72,50,22,$0.092,$0.097,$0.0053,101.8t,$9.8m
2022-12-13,208.1t,39.4m,120.8t,87.3t,$22.4m,$17.0m,$23.6k,$43.3k,$66.9k,-$19.7k,44,38,82,67,15,$0.093,$0.097,$0.0048,101.6t,$9.1m
2022-12-12,208.2t,39.8m,121.1t,87.1t,$22.7m,$17.1m,$47.8k,$43.1k,$90.9k,$4.7k,27,34,61,41,20,$0.094,$0.098,$0.0041,101.5t,$10.2m
2022-12-11,208.1t,40.5m,121.2t,86.9t,$23.4m,$17.1m,$22.2k,$5.4k,$27.6k,$16.8k,36,13,49,39,10,$0.096,$0.098,$0.0021,101.3t,$10.1m
2022-12-10,208.3t,40.7m,121.3t,87.0t,$23.6m,$17.1m,$18.7k,$22.5k,$41.1k,-$3.8k,28,27,55,41,14,$0.097,$0.098,$0.0009,101.1t,$10.1m
2022-12-09,208.3t,40.6m,121.4t,86.9t,$23.5m,$17.1m,$18.9k,$21.7k,$40.6k,-$2.8k,42,26,68,57,11,$0.097,$0.099,$0.0018,101.0t,$10.1m
2022-12-08,208.1t,41.0m,121.2t,86.9t,$23.8m,$17.1m,$20.7k,$26.7k,$47.5k,-$6.0k,34,31,65,50,15,$0.098,$0.099,$0.0001,101.0t,$9.9m
2022-12-07,208.1t,40.5m,121.3t,86.8t,$23.3m,$17.1m,$49.8k,$20.3k,$70.1k,$29.6k,35,32,67,45,22,$0.096,$0.099,$0.0025,100.7t,$9.9m
2022-12-06,208.3t,40.9m,121.4t,86.9t,$23.8m,$17.1m,$36.7k,$15.6k,$52.3k,$21.2k,43,26,69,59,10,$0.098,$0.098,$0.0003,100.1t,$9.8m
2022-12-05,208.6t,40.7m,121.7t,86.9t,$23.6m,$17.1m,$57.8k,$16.1k,$73.9k,$41.8k,45,26,71,44,27,$0.097,$0.099,$0.0017,99.8t,$10.0m
2022-12-04,209.2t,40.9m,121.9t,87.3t,$23.8m,$17.1m,$32.7k,$7.4k,$40.0k,$25.3k,32,19,51,36,15,$0.098,$0.098,-$0.0001,99.7t,$9.7m
2022-12-03,209.3t,40.8m,121.9t,87.4t,$23.7m,$17.1m,$19.8k,$18.5k,$38.4k,$1.3k,23,9,32,14,18,$0.097,$0.098,$0.0003,99.5t,$9.7m
2022-12-02,209.4t,40.9m,122.0t,87.4t,$23.9m,$17.0m,$43.1k,$33.9k,$77.0k,$9.1k,26,30,56,38,18,$0.098,$0.097,-$0.0008,99.4t,$9.7m
2022-12-01,210.9t,40.8m,123.8t,87.1t,$23.8m,$17.0m,$209.3k,$50.1k,$259.3k,$159.2k,32,29,61,42,19,$0.096,$0.098,$0.0013,99.4t,$9.9m
2022-11-30,210.8t,41.3m,123.6t,87.2t,$24.2m,$17.0m,$9.3k,$20.7k,$30.0k,-$11.4k,29,22,51,33,18,$0.098,$0.098,-$0.0001,99.1t,$9.7m
2022-11-29,209.6t,40.9m,122.4t,87.2t,$23.8m,$17.0m,$31.9k,$106.1k,$138.0k,-$74.2k,29,23,52,32,20,$0.097,$0.098,$0.0004,99.0t,$9.7m
2022-11-28,208.9t,40.8m,121.6t,87.4t,$23.8m,$17.0m,$63.3k,$110.2k,$173.5k,-$46.9k,31,20,51,28,23,$0.098,$0.097,-$0.0004,99.0t,$9.9m
2022-11-27,209.1t,42.1m,121.5t,87.6t,$25.1m,$17.0m,$9.3k,$39.8k,$49.1k,-$30.5k,25,20,45,18,27,$0.103,$0.097,-$0.0066,98.9t,$10.4m
2022-11-26,208.5t,42.4m,120.7t,87.8t,$25.5m,$16.9m,$86.0k,$126.8k,$212.8k,-$40.9k,49,42,91,42,49,$0.106,$0.097,-$0.0091,98.8t,$10.6m
2022-11-25,208.4t,41.6m,119.7t,88.6t,$24.8m,$16.8m,$14.6k,$40.7k,$55.3k,-$26.1k,26,22,48,23,25,$0.104,$0.095,-$0.0090,98.8t,$10.2m
2022-11-24,208.1t,41.6m,119.3t,88.8t,$24.9m,$16.8m,$7.1k,$45.9k,$53.0k,-$38.8k,25,25,50,25,25,$0.104,$0.094,-$0.0098,98.7t,$10.2m
2022-11-23,208.3t,41.5m,118.7t,89.6t,$24.7m,$16.8m,$85.2k,$95.8k,$181.0k,-$10.7k,60,63,123,63,60,$0.104,$0.094,-$0.0107,98.7t,$10.2m
2022-11-22,207.8t,38.9m,118.1t,89.7t,$22.3m,$16.6m,$12.0k,$20.9k,$32.9k,-$8.9k,39,34,73,52,21,$0.095,$0.092,-$0.0020,98.5t,$8.9m
2022-11-21,207.2t,37.9m,118.1t,89.1t,$21.3m,$16.6m,$100.8k,$143.7k,$244.5k,-$42.8k,50,22,72,58,14,$0.090,$0.093,$0.0027,98.5t,$8.9m
2022-11-20,207.4t,38.9m,119.2t,88.2t,$22.0m,$16.9m,$14.9k,$14.9k,$29.8k,-$56.8,45,19,64,52,12,$0.092,$0.096,$0.0032,98.4t,$8.9m
2022-11-19,207.3t,39.5m,119.2t,88.1t,$22.7m,$16.8m,$30.4k,$12.1k,$42.5k,$18.3k,50,26,76,60,16,$0.095,$0.096,$0.0004,98.3t,$9.4m
2022-11-18,207.6t,39.6m,119.5t,88.1t,$22.7m,$16.9m,$33.7k,$8.9k,$42.7k,$24.8k,68,22,90,80,10,$0.095,$0.096,$0.0009,98.3t,$9.8m
2022-11-17,207.7t,39.0m,119.7t,88.0t,$22.2m,$16.9m,$18.8k,$25.9k,$44.7k,-$7.1k,44,23,67,52,15,$0.093,$0.096,$0.0032,98.2t,$8.8m
2022-11-16,207.8t,39.4m,121.7t,86.1t,$22.5m,$16.9m,$182.7k,$185.0k,$367.7k,-$2.3k,38,20,58,48,10,$0.092,$0.098,$0.0059,98.1t,$8.8m
2022-11-15,207.7t,39.7m,121.5t,86.1t,$22.5m,$17.2m,$4.4k,$24.7k,$29.1k,-$20.2k,21,15,36,29,7,$0.093,$0.100,$0.0071,98.0t,$9.8m
2022-11-14,207.5t,40.1m,121.5t,86.0t,$22.7m,$17.4m,$61.1k,$62.7k,$123.7k,-$1.6k,38,41,79,54,25,$0.093,$0.101,$0.0080,98.0t,$9.8m
2022-11-13,207.7t,39.9m,122.3t,85.3t,$22.5m,$17.4m,$36.2k,$33.5k,$69.6k,$2.7k,39,30,69,50,19,$0.092,$0.102,$0.0096,98.0t,$10.0m
2022-11-12,208.9t,40.3m,122.9t,86.0t,$22.8m,$17.4m,$252.8k,$225.7k,$478.4k,$27.1k,81,64,145,90,55,$0.093,$0.101,$0.0087,97.8t,$10.0m
2022-11-11,207.9t,40.9m,122.1t,85.8t,$23.6m,$17.3m,$19.2k,$10.6k,$29.8k,$8.6k,40,21,61,52,9,$0.097,$0.101,$0.0042,97.8t,$9.8m
2022-11-10,207.5t,42.0m,119.3t,88.2t,$24.6m,$17.3m,$287.5k,$295.7k,$583.1k,-$8.2k,55,45,100,51,49,$0.103,$0.098,-$0.0048,97.8t,$9.8m
2022-11-09,209.2t,38.7m,124.8t,84.4t,$22.0m,$16.7m,$556.8k,$603.8k,$1.2m,-$47.0k,150,139,289,168,121,$0.088,$0.099,$0.0107,97.8t,$9.0m
2022-11-08,206.8t,43.7m,124.1t,82.7t,$25.8m,$17.9m,$233.4k,$217.1k,$450.5k,$16.2k,84,72,156,85,71,$0.104,$0.108,$0.0039,97.7t,$10.5m
2022-11-07,207.8t,44.4m,124.0t,83.9t,$26.8m,$17.7m,$15.1k,$9.2k,$24.3k,$5.9k,37,24,61,25,36,$0.108,$0.105,-$0.0028,97.6t,$10.5m
2022-11-06,208.2t,44.8m,123.9t,84.3t,$27.2m,$17.6m,$34.4k,$12.6k,$47.1k,$21.8k,35,24,59,25,34,$0.110,$0.105,-$0.0053,97.6t,$10.9m
2022-11-05,208.3t,45.4m,123.8t,84.5t,$27.8m,$17.6m,$22.0k,$3.3k,$25.3k,$18.6k,42,18,60,18,42,$0.112,$0.104,-$0.0083,97.6t,$10.7m
2022-11-04,207.5t,45.7m,123.0t,84.6t,$28.2m,$17.5m,$93.0k,$97.6k,$190.6k,-$4.5k,77,52,129,51,78,$0.115,$0.104,-$0.0110,97.5t,$10.7m
2022-11-03,208.3t,43.8m,122.9t,85.5t,$26.5m,$17.4m,$18.7k,$8.3k,$27.0k,$10.4k,30,20,50,20,30,$0.108,$0.102,-$0.0062,97.4t,$9.7m
2022-11-02,208.4t,43.0m,122.8t,85.7t,$25.7m,$17.3m,$10.0k,$15.1k,$25.1k,-$5.1k,31,34,65,33,32,$0.105,$0.101,-$0.0034,97.4t,$10.1m
